TARGET_CLASS,criterion,Coverage,Total_Goals,Covered_Goals
org.joda.time.field.UnsupportedDurationField,LINE;BRANCH;EXCEPTION;WEAKMUTATION;OUTPUT;METHOD;METHODNOEXCEPTION;CBRANCH,0.7936617846290577,269,189
org.joda.time.Partial,LINE;BRANCH;EXCEPTION;WEAKMUTATION;OUTPUT;METHOD;METHODNOEXCEPTION;CBRANCH,0.5753348183640485,1189,666
org.mockito.internal.invocation.InvocationMatcher,LINE;BRANCH;EXCEPTION;WEAKMUTATION;OUTPUT;METHOD;METHODNOEXCEPTION;CBRANCH,0.4452242099973705,403,91
org.mockito.internal.creation.bytebuddy.ByteBuddyMockMaker,LINE;BRANCH;EXCEPTION;WEAKMUTATION;OUTPUT;METHOD;METHODNOEXCEPTION;CBRANCH,0.5257296466973886,147,60
org.joda.time.field.UnsupportedDurationField,LINE;BRANCH;EXCEPTION;WEAKMUTATION;OUTPUT;METHOD;METHODNOEXCEPTION;CBRANCH,0.7897181944113374,261,181
org.joda.time.Partial,LINE;BRANCH;EXCEPTION;WEAKMUTATION;OUTPUT;METHOD;METHODNOEXCEPTION;CBRANCH,0.6334455175104868,1189,756
org.joda.time.MutableDateTime,LINE;BRANCH;EXCEPTION;WEAKMUTATION;OUTPUT;METHOD;METHODNOEXCEPTION;CBRANCH,0.5583721418307727,1414,732
org.mockito.internal.util.Timer,LINE;BRANCH;EXCEPTION;WEAKMUTATION;OUTPUT;METHOD;METHODNOEXCEPTION;CBRANCH,0.9583333333333334,57,55
org.mockito.internal.creation.instance.ConstructorInstantiator,LINE;BRANCH;EXCEPTION;WEAKMUTATION;OUTPUT;METHOD;METHODNOEXCEPTION;CBRANCH,0.8672839506172839,45,33
org.joda.time.Partial,LINE;BRANCH;EXCEPTION;WEAKMUTATION;OUTPUT;METHOD;METHODNOEXCEPTION;CBRANCH,0.5540133912483246,1188,625
org.joda.time.Period,LINE;BRANCH;EXCEPTION;WEAKMUTATION;OUTPUT;METHOD;METHODNOEXCEPTION;CBRANCH,0.7394490368901667,1790,1368
org.mockito.internal.invocation.InvocationMatcher,LINE;BRANCH;EXCEPTION;WEAKMUTATION;OUTPUT;METHOD;METHODNOEXCEPTION;CBRANCH,0.41371293786752517,422,82
org.mockito.internal.matchers.Equality,LINE;BRANCH;EXCEPTION;WEAKMUTATION;OUTPUT;METHOD;METHODNOEXCEPTION;CBRANCH,0.4881895881895882,149,57
org.joda.time.chrono.GJChronology,LINE;BRANCH;EXCEPTION;WEAKMUTATION;OUTPUT;METHOD;METHODNOEXCEPTION;CBRANCH,0.449269131096522,1793,653
org.joda.time.format.DateTimeFormatter,LINE;BRANCH;EXCEPTION;WEAKMUTATION;OUTPUT;METHOD;METHODNOEXCEPTION;CBRANCH,0.6590430447952572,1019,618
org.mockito.exceptions.Reporter,LINE;BRANCH;EXCEPTION;WEAKMUTATION;OUTPUT;METHOD;METHODNOEXCEPTION;CBRANCH,0.3408190392329271,569,188
org.mockito.internal.stubbing.defaultanswers.ReturnsDeepStubs,LINE;BRANCH;EXCEPTION;WEAKMUTATION;OUTPUT;METHOD;METHODNOEXCEPTION;CBRANCH,0.3199803218778551,85,15
org.joda.time.DateTimeZone,LINE;BRANCH;EXCEPTION;WEAKMUTATION;OUTPUT;METHOD;METHODNOEXCEPTION;CBRANCH,0.6556419037176994,1789,1138
org.joda.time.DateTimeZone,LINE;BRANCH;EXCEPTION;WEAKMUTATION;OUTPUT;METHOD;METHODNOEXCEPTION;CBRANCH,0.6882674074329372,1711,1111
org.mockito.internal.verification.VerificationOverTimeImpl,LINE;BRANCH;EXCEPTION;WEAKMUTATION;OUTPUT;METHOD;METHODNOEXCEPTION;CBRANCH,0.8469135802469135,118,86
org.joda.time.base.BaseSingleFieldPeriod,LINE;BRANCH;EXCEPTION;WEAKMUTATION;OUTPUT;METHOD;METHODNOEXCEPTION;CBRANCH,0.772577919254127,467,389
org.mockito.internal.stubbing.defaultanswers.ReturnsEmptyValues,LINE;BRANCH;EXCEPTION;WEAKMUTATION;OUTPUT;METHOD;METHODNOEXCEPTION;CBRANCH,0.5906186935598701,146,70
org.joda.time.tz.ZoneInfoCompiler,LINE;BRANCH;EXCEPTION;WEAKMUTATION;OUTPUT;METHOD;METHODNOEXCEPTION;CBRANCH,0.43558383709050946,1759,567
org.mockito.internal.stubbing.defaultanswers.ReturnsDeepStubs,LINE;BRANCH;EXCEPTION;WEAKMUTATION;OUTPUT;METHOD;METHODNOEXCEPTION;CBRANCH,0.3451178451178451,61,14
org.mockito.Matchers,LINE;BRANCH;EXCEPTION;WEAKMUTATION;OUTPUT;METHOD;METHODNOEXCEPTION;CBRANCH,0.9292929292929293,440,342
org.mockito.internal.util.Primitives,LINE;BRANCH;EXCEPTION;WEAKMUTATION;OUTPUT;METHOD;METHODNOEXCEPTION;CBRANCH,0.930976430976431,60,48
org.mockito.internal.util.MockUtil,LINE;BRANCH;EXCEPTION;WEAKMUTATION;OUTPUT;METHOD;METHODNOEXCEPTION;CBRANCH,0.6099353321575544,152,92
org.joda.time.format.PeriodFormatterBuilder,LINE;BRANCH;EXCEPTION;WEAKMUTATION;OUTPUT;METHOD;METHODNOEXCEPTION;CBRANCH,0.47133244199054825,2962,1181
org.mockito.internal.configuration.DefaultInjectionEngine,LINE;BRANCH;EXCEPTION;WEAKMUTATION;OUTPUT;METHOD;METHODNOEXCEPTION;CBRANCH,0.5947539050987327,86,24
org.mockito.internal.util.reflection.GenericMetadataSupport,LINE;BRANCH;EXCEPTION;WEAKMUTATION;OUTPUT;METHOD;METHODNOEXCEPTION;CBRANCH,0.30173192846234004,633,110
org.joda.time.chrono.BasicMonthOfYearDateTimeField,LINE;BRANCH;EXCEPTION;WEAKMUTATION;OUTPUT;METHOD;METHODNOEXCEPTION;CBRANCH,0.8258757162265934,1006,896
org.mockito.internal.matchers.Same,LINE;BRANCH;EXCEPTION;WEAKMUTATION;OUTPUT;METHOD;METHODNOEXCEPTION;CBRANCH,0.8645061728395061,50,42
org.mockito.exceptions.Reporter,LINE;BRANCH;EXCEPTION;WEAKMUTATION;OUTPUT;METHOD;METHODNOEXCEPTION;CBRANCH,0.6219092834535114,364,204
org.joda.time.field.FieldUtils,LINE;BRANCH;EXCEPTION;WEAKMUTATION;OUTPUT;METHOD;METHODNOEXCEPTION;CBRANCH,0.8522564829582373,1001,847
org.mockito.internal.stubbing.defaultanswers.ReturnsSmartNulls,LINE;BRANCH;EXCEPTION;WEAKMUTATION;OUTPUT;METHOD;METHODNOEXCEPTION;CBRANCH,0.2814327485380117,58,9
org.joda.time.format.DateTimeFormatter,LINE;BRANCH;EXCEPTION;WEAKMUTATION;OUTPUT;METHOD;METHODNOEXCEPTION;CBRANCH,0.636189711988096,1017,609
org.mockito.internal.stubbing.defaultanswers.ReturnsSmartNulls,LINE;BRANCH;EXCEPTION;WEAKMUTATION;OUTPUT;METHOD;METHODNOEXCEPTION;CBRANCH,0.2824074074074074,50,9
org.mockito.internal.util.reflection.GenericMetadataSupport,LINE;BRANCH;EXCEPTION;WEAKMUTATION;OUTPUT;METHOD;METHODNOEXCEPTION;CBRANCH,0.2878850606991007,626,104
org.mockito.internal.configuration.SpyAnnotationEngine,LINE;BRANCH;EXCEPTION;WEAKMUTATION;OUTPUT;METHOD;METHODNOEXCEPTION;CBRANCH,0.6237251744498121,99,41
org.joda.time.DateTimeZone,LINE;BRANCH;EXCEPTION;WEAKMUTATION;OUTPUT;METHOD;METHODNOEXCEPTION;CBRANCH,0.7218175782459566,1789,1262
org.mockito.internal.invocation.InvocationMatcher,LINE;BRANCH;EXCEPTION;WEAKMUTATION;OUTPUT;METHOD;METHODNOEXCEPTION;CBRANCH,0.5113894144901896,292,98
org.joda.time.chrono.GJChronology,LINE;BRANCH;EXCEPTION;WEAKMUTATION;OUTPUT;METHOD;METHODNOEXCEPTION;CBRANCH,0.45999213834001856,1685,740
org.mockito.internal.invocation.InvocationMatcher,LINE;BRANCH;EXCEPTION;WEAKMUTATION;OUTPUT;METHOD;METHODNOEXCEPTION;CBRANCH,0.4988866196296537,263,80
org.joda.time.DateTimeZone,LINE;BRANCH;EXCEPTION;WEAKMUTATION;OUTPUT;METHOD;METHODNOEXCEPTION;CBRANCH,0.715766955512317,1789,1249
org.mockito.Matchers,LINE;BRANCH;EXCEPTION;WEAKMUTATION;OUTPUT;METHOD;METHODNOEXCEPTION;CBRANCH,0.9287949921752738,408,317
org.mockito.internal.util.reflection.GenericMaster,LINE;BRANCH;EXCEPTION;WEAKMUTATION;OUTPUT;METHOD;METHODNOEXCEPTION;CBRANCH,0.3814814814814815,41,8
org.mockito.internal.invocation.Invocation,LINE;BRANCH;EXCEPTION;WEAKMUTATION;OUTPUT;METHOD;METHODNOEXCEPTION;CBRANCH,0.14012469012469012,447,14
org.joda.time.format.DateTimeFormatterBuilder,LINE;BRANCH;EXCEPTION;WEAKMUTATION;OUTPUT;METHOD;METHODNOEXCEPTION;CBRANCH,0.33565389668286,3598,973
org.mockito.internal.MockHandler,LINE;BRANCH;EXCEPTION;WEAKMUTATION;OUTPUT;METHOD;METHODNOEXCEPTION;CBRANCH,0.7070442992011619,109,62
org.mockito.internal.stubbing.answers.AnswersValidator,LINE;BRANCH;EXCEPTION;WEAKMUTATION;OUTPUT;METHOD;METHODNOEXCEPTION;CBRANCH,0.7225161669606114,101,54
org.joda.time.base.BasePeriod,LINE;BRANCH;EXCEPTION;WEAKMUTATION;OUTPUT;METHOD;METHODNOEXCEPTION;CBRANCH,0.6319893009822253,964,804
org.mockito.internal.MockHandler,LINE;BRANCH;EXCEPTION;WEAKMUTATION;OUTPUT;METHOD;METHODNOEXCEPTION;CBRANCH,0.8683523266856601,97,74
org.mockito.internal.MockitoCore,LINE;BRANCH;EXCEPTION;WEAKMUTATION;OUTPUT;METHOD;METHODNOEXCEPTION;CBRANCH,0.6428784824547944,241,160
org.mockito.internal.verification.argumentmatching.ArgumentMatchingTool,LINE;BRANCH;EXCEPTION;WEAKMUTATION;OUTPUT;METHOD;METHODNOEXCEPTION;CBRANCH,0.3123456790123457,83,8
org.joda.time.DateTimeZone,LINE;BRANCH;EXCEPTION;WEAKMUTATION;OUTPUT;METHOD;METHODNOEXCEPTION;CBRANCH,0.7051555210418524,1785,1235
org.mockito.internal.configuration.injection.FinalMockCandidateFilter,LINE;BRANCH;EXCEPTION;WEAKMUTATION;OUTPUT;METHOD;METHODNOEXCEPTION;CBRANCH,0.740981240981241,40,24
org.joda.time.format.DateTimeParserBucket,LINE;BRANCH;EXCEPTION;WEAKMUTATION;OUTPUT;METHOD;METHODNOEXCEPTION;CBRANCH,0.8702832669159365,688,585
org.mockito.internal.MockitoCore,LINE;BRANCH;EXCEPTION;WEAKMUTATION;OUTPUT;METHOD;METHODNOEXCEPTION;CBRANCH,0.64406531635511,242,160
org.mockito.Mockito,LINE;BRANCH;EXCEPTION;WEAKMUTATION;OUTPUT;METHOD;METHODNOEXCEPTION;CBRANCH,0.849290011427035,271,199
org.joda.time.DateTimeZone,LINE;BRANCH;EXCEPTION;WEAKMUTATION;OUTPUT;METHOD;METHODNOEXCEPTION;CBRANCH,0.7523030045447823,1645,1195
org.mockito.internal.creation.MockSettingsImpl,LINE;BRANCH;EXCEPTION;WEAKMUTATION;OUTPUT;METHOD;METHODNOEXCEPTION;CBRANCH,0.9336219336219336,145,132
org.mockito.internal.util.MockUtil,LINE;BRANCH;EXCEPTION;WEAKMUTATION;OUTPUT;METHOD;METHODNOEXCEPTION;CBRANCH,0.5708431940315998,133,70
org.joda.time.chrono.ZonedChronology,LINE;BRANCH;EXCEPTION;WEAKMUTATION;OUTPUT;METHOD;METHODNOEXCEPTION;CBRANCH,0.6024285518125789,1360,849
org.joda.time.DateTimeZone,LINE;BRANCH;EXCEPTION;WEAKMUTATION;OUTPUT;METHOD;METHODNOEXCEPTION;CBRANCH,0.7128762589739938,1597,1067
org.joda.time.field.LenientDateTimeField,LINE;BRANCH;EXCEPTION;WEAKMUTATION;OUTPUT;METHOD;METHODNOEXCEPTION;CBRANCH,0.9523809523809523,72,65
org.mockito.internal.stubbing.defaultanswers.ReturnsEmptyValues,LINE;BRANCH;EXCEPTION;WEAKMUTATION;OUTPUT;METHOD;METHODNOEXCEPTION;CBRANCH,0.5724423724423724,154,70
org.joda.time.format.PeriodFormatterBuilder,LINE;BRANCH;EXCEPTION;WEAKMUTATION;OUTPUT;METHOD;METHODNOEXCEPTION;CBRANCH,0.47040494747960376,2946,1083
org.mockito.internal.configuration.injection.filter.FinalMockCandidateFilter,LINE;BRANCH;EXCEPTION;WEAKMUTATION;OUTPUT;METHOD;METHODNOEXCEPTION;CBRANCH,0.7324074074074074,41,24
org.mockito.internal.configuration.injection.filter.MockCandidateFilter,LINE;BRANCH;EXCEPTION;WEAKMUTATION;OUTPUT;METHOD;METHODNOEXCEPTION;CBRANCH,0.0,0,0
org.mockito.internal.configuration.injection.filter.NameBasedCandidateFilter,LINE;BRANCH;EXCEPTION;WEAKMUTATION;OUTPUT;METHOD;METHODNOEXCEPTION;CBRANCH,0.6884920634920635,41,24
org.mockito.internal.configuration.injection.filter.TypeBasedCandidateFilter,LINE;BRANCH;EXCEPTION;WEAKMUTATION;OUTPUT;METHOD;METHODNOEXCEPTION;CBRANCH,0.7197530864197531,32,20
org.mockito.internal.configuration.injection.PropertyAndSetterInjection,LINE;BRANCH;EXCEPTION;WEAKMUTATION;OUTPUT;METHOD;METHODNOEXCEPTION;CBRANCH,0.3369883040935673,126,14
