timestamp,project_id,bug_id,method,run_id,target_classes,generation_seconds,lines_covered,lines_total,conditions_covered,conditions_total,statement_coverage_pct,branch_coverage_pct,buggy_result,fixed_result,fault_detected,status,raw_evidence_path
2026-10-01T12:37:41+00:00,Time,1,nsga2,03,org.joda.time.field.UnsupportedDurationField|org.joda.time.Partial,184.058,216,305,66,122,70.8,54.1,pass,fail,True,ok,/home/user/TestRound2/results/project-Time/Time-1/round03
2026-10-01T12:38:36+00:00,Mockito,1,nsga2,03,org.mockito.internal.invocation.InvocationMatcher,96.572,18,69,5,60,26.1,8.3,pass,pass,False,ok,/home/user/TestRound2/results/project-Mockito/Mockito-1/round03
2026-10-01T12:38:47+00:00,Mockito,20,nsga2,03,org.mockito.internal.creation.bytebuddy.ByteBuddyMockMaker,99.2,21,41,3,10,51.2,30.0,pass,pass,False,ok,/home/user/TestRound2/results/project-Mockito/Mockito-20/round03
2026-10-01T12:41:44+00:00,Time,2,nsga2,03,org.joda.time.field.UnsupportedDurationField|org.joda.time.Partial,179.392,234,301,74,118,77.7,62.7,pass,pass,False,ok,/home/user/TestRound2/results/project-Time/Time-2/round03
2026-10-01T12:45:59+00:00,Time,3,nsga2,03,org.joda.time.MutableDateTime,110.003,131,248,27,63,52.8,42.9,pass,pass,False,ok,/home/user/TestRound2/results/project-Time/Time-3/round03
2026-10-01T12:45:09+00:00,Mockito,2,nsga2,03,org.mockito.internal.util.Timer,88.636,13,13,4,8,100.0,50.0,pass,fail,True,ok,/home/user/TestRound2/results/project-Mockito/Mockito-2/round03
2026-10-01T12:49:05+00:00,Time,4,nsga2,03,org.joda.time.Partial,111.556,174,253,60,106,68.8,56.6,pass,pass,False,ok,/home/user/TestRound2/results/project-Time/Time-4/round03
2026-10-01T12:45:26+00:00,Mockito,21,nsga2,03,org.mockito.internal.creation.instance.ConstructorInstantiator,85.06,16,26,6,12,61.5,50.0,pass,pass,False,ok,/home/user/TestRound2/results/project-Mockito/Mockito-21/round03
2026-10-01T12:52:05+00:00,Time,5,nsga2,03,org.joda.time.Period,117.851,242,288,48,64,84.0,75.0,pass,fail,True,ok,/home/user/TestRound2/results/project-Time/Time-5/round03
2026-10-01T12:51:49+00:00,Mockito,3,nsga2,03,org.mockito.internal.invocation.InvocationMatcher,94.061,17,70,4,56,24.3,7.1,pass,pass,False,ok,/home/user/TestRound2/results/project-Mockito/Mockito-3/round03
2026-10-01T12:55:15+00:00,Time,6,nsga2,03,org.joda.time.chrono.GJChronology,101.405,231,380,65,182,60.8,35.7,pass,fail,True,ok,/home/user/TestRound2/results/project-Time/Time-6/round03
2026-10-01T12:52:18+00:00,Mockito,22,nsga2,03,org.mockito.internal.matchers.Equality,80.484,7,15,8,26,46.7,30.8,pass,pass,False,ok,/home/user/TestRound2/results/project-Mockito/Mockito-22/round03
2026-10-01T12:58:11+00:00,Time,7,nsga2,03,org.joda.time.format.DateTimeFormatter,103.053,149,208,48,88,71.6,54.5,pass,pass,False,ok,/home/user/TestRound2/results/project-Time/Time-7/round03
2026-10-01T13:01:02+00:00,Time,8,nsga2,03,org.joda.time.DateTimeZone,109.216,264,357,98,182,73.9,53.8,pass,pass,False,ok,/home/user/TestRound2/results/project-Time/Time-8/round03
2026-10-01T12:58:10+00:00,Mockito,4,nsga2,03,org.mockito.exceptions.Reporter,92.181,55,159,3,20,34.6,15.0,pass,pass,False,ok,/home/user/TestRound2/results/project-Mockito/Mockito-4/round03
2026-10-01T12:58:19+00:00,Mockito,23,nsga2,03,org.mockito.internal.stubbing.defaultanswers.ReturnsDeepStubs,77.113,4,41,0,12,9.8,0.0,pass,pass,False,ok,/home/user/TestRound2/results/project-Mockito/Mockito-23/round03
2026-10-01T13:04:02+00:00,Time,9,nsga2,03,org.joda.time.DateTimeZone,108.27,263,355,97,178,74.1,54.5,fail,fail,False,ok,/home/user/TestRound2/results/project-Time/Time-9/round03
2026-10-01T13:07:01+00:00,Time,10,nsga2,03,org.joda.time.base.BaseSingleFieldPeriod,87.257,64,71,39,46,90.1,84.8,pass,pass,False,ok,/home/user/TestRound2/results/project-Time/Time-10/round03
2026-10-01T13:04:20+00:00,Mockito,5,nsga2,03,org.mockito.internal.verification.VerificationOverTimeImpl,88.421,23,36,9,12,63.9,75.0,pass,pass,False,ok,/home/user/TestRound2/results/project-Mockito/Mockito-5/round03
2026-10-01T13:04:36+00:00,Mockito,24,nsga2,03,org.mockito.internal.stubbing.defaultanswers.ReturnsEmptyValues,77.115,20,44,15,38,45.5,39.5,pass,pass,False,ok,/home/user/TestRound2/results/project-Mockito/Mockito-24/round03
2026-10-01T13:09:33+00:00,Time,11,nsga2,03,org.joda.time.tz.ZoneInfoCompiler,89.193,110,393,50,193,28.0,25.9,fail,fail,False,ok,/home/user/TestRound2/results/project-Time/Time-11/round03
2026-10-01T13:10:40+00:00,Mockito,25,nsga2,03,org.mockito.internal.stubbing.defaultanswers.ReturnsDeepStubs,80.817,5,32,0,8,15.6,0.0,pass,pass,False,ok,/home/user/TestRound2/results/project-Mockito/Mockito-25/round03
2026-10-01T13:13:57+00:00,Mockito,26,nsga2,03,org.mockito.internal.util.Primitives,73.109,36,36,2,2,100.0,100.0,pass,pass,False,ok,/home/user/TestRound2/results/project-Mockito/Mockito-26/round03
2026-10-01T13:10:30+00:00,Mockito,6,nsga2,03,org.mockito.Matchers,98.163,55,55,0,0,100.0,,pass,pass,False,ok,/home/user/TestRound2/results/project-Mockito/Mockito-6/round03
2026-10-01T13:12:21+00:00,Time,12,nsga2,03,org.joda.time.LocalDate|org.joda.time.LocalDateTime,243.156,,,,,,,,,,generation_failed,/home/user/TestRound2/results/project-Time/Time-12/round03
2026-10-01T13:16:52+00:00,Mockito,27,nsga2,03,org.mockito.internal.util.MockUtil,78.809,29,41,12,22,70.7,54.5,pass,pass,False,ok,/home/user/TestRound2/results/project-Mockito/Mockito-27/round03
2026-10-01T13:17:14+00:00,Time,13,nsga2,03,org.joda.time.format.PeriodFormatterBuilder,117.554,347,675,121,458,51.4,26.4,pass,pass,False,ok,/home/user/TestRound2/results/project-Time/Time-13/round03
2026-10-01T13:19:15+00:00,Mockito,28,nsga2,03,org.mockito.internal.configuration.DefaultInjectionEngine,72.362,9,31,2,10,29.0,20.0,pass,pass,False,ok,/home/user/TestRound2/results/project-Mockito/Mockito-28/round03
2026-10-01T13:17:08+00:00,Mockito,7,nsga2,03,org.mockito.internal.util.reflection.GenericMetadataSupport,89.051,25,175,12,82,14.3,14.6,pass,pass,False,ok,/home/user/TestRound2/results/project-Mockito/Mockito-7/round03
2026-10-01T13:20:37+00:00,Time,14,nsga2,03,org.joda.time.chrono.BasicMonthOfYearDateTimeField,114.198,106,118,37,52,89.8,71.2,pass,pass,False,ok,/home/user/TestRound2/results/project-Time/Time-14/round03
2026-10-01T13:21:38+00:00,Mockito,29,nsga2,03,org.mockito.internal.matchers.Same,73.32,14,15,6,8,93.3,75.0,pass,pass,False,ok,/home/user/TestRound2/results/project-Mockito/Mockito-29/round03
2026-10-01T13:23:48+00:00,Time,15,nsga2,03,org.joda.time.field.FieldUtils,92.513,65,77,55,72,84.4,76.4,pass,pass,False,ok,/home/user/TestRound2/results/project-Time/Time-15/round03
2026-10-01T13:23:55+00:00,Mockito,30,nsga2,03,org.mockito.exceptions.Reporter|org.mockito.internal.stubbing.defaultanswers.ReturnsSmartNulls,147.999,,,,,,,pass,error,n/a,not_evaluable,/home/user/TestRound2/results/project-Mockito/Mockito-30/round03
2026-10-01T13:26:33+00:00,Time,16,nsga2,03,org.joda.time.format.DateTimeFormatter,91.943,152,208,47,88,73.1,53.4,pass,pass,False,ok,/home/user/TestRound2/results/project-Time/Time-16/round03
2026-10-01T13:27:21+00:00,Mockito,31,nsga2,03,org.mockito.internal.stubbing.defaultanswers.ReturnsSmartNulls,70.767,3,20,0,6,15.0,0.0,pass,pass,False,ok,/home/user/TestRound2/results/project-Mockito/Mockito-31/round03
2026-10-01T13:29:35+00:00,Mockito,32,nsga2,03,org.mockito.internal.configuration.SpyAnnotationEngine,73.621,9,26,5,12,34.6,41.7,pass,pass,False,ok,/home/user/TestRound2/results/project-Mockito/Mockito-32/round03
2026-10-01T13:29:14+00:00,Time,17,nsga2,03,org.joda.time.DateTimeZone,105.456,271,353,97,170,76.8,57.1,pass,pass,False,ok,/home/user/TestRound2/results/project-Time/Time-17/round03
2026-10-01T13:31:55+00:00,Mockito,33,nsga2,03,org.mockito.internal.invocation.InvocationMatcher,76.117,24,53,4,42,45.3,9.5,pass,pass,False,ok,/home/user/TestRound2/results/project-Mockito/Mockito-33/round03
2026-10-01T13:23:41+00:00,Mockito,8,nsga2,03,org.mockito.internal.util.reflection.GenericMetadataSupport,113.183,25,174,10,82,14.4,12.2,pass,pass,False,ok,/home/user/TestRound2/results/project-Mockito/Mockito-8/round03
2026-10-01T13:34:13+00:00,Mockito,9,nsga2,03,org.mockito.internal.stubbing.answers.CallsRealMethods,,,,,,,,,,,compile_failed_b,/home/user/TestRound2/results/project-Mockito/Mockito-9/round03
2026-10-01T13:32:13+00:00,Time,18,nsga2,03,org.joda.time.chrono.GJChronology,95.674,216,352,61,158,61.4,38.6,pass,pass,False,ok,/home/user/TestRound2/results/project-Time/Time-18/round03
2026-10-01T13:34:59+00:00,Mockito,10,nsga2,03,org.mockito.internal.stubbing.defaultanswers.ReturnsDeepStubs,,,,,,,,,,,compile_failed_b,/home/user/TestRound2/results/project-Mockito/Mockito-10/round03
2026-10-01T13:34:12+00:00,Mockito,34,nsga2,03,org.mockito.internal.invocation.InvocationMatcher,77.741,19,38,3,30,50.0,10.0,pass,pass,False,ok,/home/user/TestRound2/results/project-Mockito/Mockito-34/round03
2026-10-01T13:35:44+00:00,Mockito,11,nsga2,03,org.mockito.internal.creation.DelegatingMethod,,,,,,,,,,,compile_failed_b,/home/user/TestRound2/results/project-Mockito/Mockito-11/round03
2026-10-01T13:35:04+00:00,Time,19,nsga2,03,org.joda.time.DateTimeZone,113.297,269,343,96,162,78.4,59.3,pass,pass,False,ok,/home/user/TestRound2/results/project-Time/Time-19/round03
2026-10-01T13:36:31+00:00,Mockito,35,nsga2,03,org.mockito.Matchers,78.113,51,51,0,0,100.0,,pass,fail,True,ok,/home/user/TestRound2/results/project-Mockito/Mockito-35/round03
2026-10-01T13:36:59+00:00,Mockito,12,nsga2,03,org.mockito.internal.util.reflection.GenericMaster,70.63,2,9,0,8,22.2,0.0,pass,pass,False,ok,/home/user/TestRound2/results/project-Mockito/Mockito-12/round03
2026-10-01T13:38:05+00:00,Time,20,nsga2,03,org.joda.time.format.DateTimeFormatterBuilder,102.263,339,1037,143,595,32.7,24.0,pass,pass,False,ok,/home/user/TestRound2/results/project-Time/Time-20/round03
2026-10-01T13:38:49+00:00,Mockito,36,nsga2,03,org.mockito.internal.invocation.Invocation,71.691,6,72,0,44,8.3,0.0,pass,pass,False,ok,/home/user/TestRound2/results/project-Mockito/Mockito-36/round03
2026-10-01T13:39:15+00:00,Mockito,13,nsga2,03,org.mockito.internal.MockHandler,72.5,19,41,1,8,46.3,12.5,pass,pass,False,ok,/home/user/TestRound2/results/project-Mockito/Mockito-13/round03
2026-10-01T13:41:01+00:00,Mockito,37,nsga2,03,org.mockito.internal.stubbing.answers.AnswersValidator,72.369,18,32,13,30,56.2,43.3,pass,pass,False,ok,/home/user/TestRound2/results/project-Mockito/Mockito-37/round03
2026-10-01T13:40:59+00:00,Time,22,nsga2,03,org.joda.time.base.BasePeriod,93.373,169,176,42,58,96.0,72.4,pass,pass,False,ok,/home/user/TestRound2/results/project-Time/Time-22/round03
2026-10-01T13:41:36+00:00,Mockito,14,nsga2,03,org.mockito.internal.MockHandler|org.mockito.internal.MockitoCore,157.158,73,107,22,36,68.2,61.1,pass,pass,False,ok,/home/user/TestRound2/results/project-Mockito/Mockito-14/round03
2026-10-01T13:43:17+00:00,Mockito,38,nsga2,03,org.mockito.internal.verification.argumentmatching.ArgumentMatchingTool,69.361,2,18,0,14,11.1,0.0,pass,pass,False,ok,/home/user/TestRound2/results/project-Mockito/Mockito-38/round03
2026-10-01T13:43:52+00:00,Time,23,nsga2,03,org.joda.time.DateTimeZone,101.531,266,343,95,162,77.6,58.6,pass,fail,True,ok,/home/user/TestRound2/results/project-Time/Time-23/round03
2026-10-01T13:45:25+00:00,Mockito,15,nsga2,03,org.mockito.internal.configuration.injection.FinalMockCandidateFilter,68.692,7,14,2,4,50.0,50.0,pass,pass,False,ok,/home/user/TestRound2/results/project-Mockito/Mockito-15/round03
2026-10-01T13:46:35+00:00,Time,24,nsga2,03,org.joda.time.format.DateTimeParserBucket,90.805,135,147,55,70,91.8,78.6,pass,pass,False,ok,/home/user/TestRound2/results/project-Time/Time-24/round03
2026-10-01T13:47:27+00:00,Mockito,16,nsga2,03,org.mockito.internal.MockitoCore|org.mockito.Mockito,149.255,,,,,,,pass,error,n/a,not_evaluable,/home/user/TestRound2/results/project-Mockito/Mockito-16/round03
2026-10-01T13:49:00+00:00,Time,25,nsga2,03,org.joda.time.DateTimeZone,110.595,262,336,97,158,78.0,61.4,fail,fail,False,ok,/home/user/TestRound2/results/project-Time/Time-25/round03
2026-10-01T13:50:34+00:00,Mockito,17,nsga2,03,org.mockito.internal.creation.MockSettingsImpl|org.mockito.internal.util.MockUtil,144.3,49,64,19,32,76.6,59.4,pass,pass,False,ok,/home/user/TestRound2/results/project-Mockito/Mockito-17/round03
2026-10-01T13:51:49+00:00,Time,26,nsga2,03,org.joda.time.chrono.ZonedChronology|org.joda.time.DateTimeZone|org.joda.time.field.LenientDateTimeField,261.475,435,573,148,242,75.9,61.2,pass,pass,False,ok,/home/user/TestRound2/results/project-Time/Time-26/round03
2026-10-01T13:53:52+00:00,Mockito,18,nsga2,03,org.mockito.internal.stubbing.defaultanswers.ReturnsEmptyValues,80.383,21,46,16,40,45.7,40.0,pass,pass,False,ok,/home/user/TestRound2/results/project-Mockito/Mockito-18/round03
2026-10-01T13:57:20+00:00,Time,27,nsga2,03,org.joda.time.format.PeriodFormatterBuilder,100.57,313,672,111,450,46.6,24.7,pass,pass,False,ok,/home/user/TestRound2/results/project-Time/Time-27/round03
2026-10-01T13:58:55+00:00,Mockito,19,nsga2,03,org.mockito.internal.configuration.injection.filter.FinalMockCandidateFilter|org.mockito.internal.configuration.injection.filter.MockCandidateFilter|org.mockito.internal.configuration.injection.filter.NameBasedCandidateFilter|org.mockito.internal.configuration.injection.filter.TypeBasedCandidateFilter|org.mockito.internal.configuration.injection.PropertyAndSetterInjection,271.765,,,,,,,pass,error,n/a,not_evaluable,/home/user/TestRound2/results/project-Mockito/Mockito-19/round03
